{"cameraMode":{"drawMode":0,"name":"Shaded","section":"Shading Mode"},"sceneLighting":false,"audioPlay":false,"sceneViewState":{"showFog":true,"showMaterialUpdate":false,"showSkybox":false,"showFlares":true,"showImageEffects":true,"showParticleSystems":true},"in2DMode":false,"pivot":{"x":188.10641479492188,"y":-19.26343536376953,"z":130.60581970214845},"rotation":{"x":0.2669753432273865,"y":0.35745352506637576,"z":-0.10740752518177033,"w":0.8884922862052918},"size":3.1115033626556398,"orthographic":false}